{
    "TTTo2L2Nu": 88.29,
    "TTToHadronic": 377.96,
    "TTToSemiLeptonic": 365.34,

    "ST_s-channel_4f_leptonDecays": 6.893,
    "ST_t-channel_antitop_5f_InclusiveDecays": 80.0,
    "ST_t-channel_top_5f_InclusiveDecays": 134.2,
    "ST_tW_antitop_5f_inclusiveDecays": 39.65,
    "ST_tW_top_5f_inclusiveDecays": 39.65,
    

    "WJetsToLNu_inclusive": 61334,
    "WJetsToLNu_ext": 61334,
    "WJetsToLNu_HT-70To100": 1283,
    "WJetsToLNu_HT-100To200": 1695,
    "WJetsToLNu_HT-200To400": 532.4,
    "WJetsToLNu_HT-400To600": 61.6,
    "WJetsToLNu_HT-600To800": 12.4,
    "WJetsToLNu_HT-800To1200": 5.77,
    "WJetsToLNu_HT-1200To2500": 1.023,
    "WJetsToLNu_HT-2500ToInf": 0.0248,

    "DYJetsToLL_M-10to50": 18610.0,
    "DYJetsToLL_M-50_inclusive": 6025.6,
    "DYJetsToLL_nlo_M-10to50": 20490.0,
    "DYJetsToLL_nlo_M-50": 6424.0,
    "DYJetsToLL_M-50_HT-70to100": 140.0,
    "DYJetsToLL_M-50_HT-100to200": 160.7,
    "DYJetsToLL_M-50_HT-200to400": 48.63,
    "DYJetsToLL_M-50_HT-400to600": 6.993,
    "DYJetsToLL_M-50_HT-600to800": 1.761,
    "DYJetsToLL_M-50_HT-800to1200": 0.8021,
    "DYJetsToLL_M-50_HT-1200to2500": 0.1937,
    "DYJetsToLL_M-50_HT-2500toInf": 0.003514,
    
    "WW": 75.95,
    "WZ": 27.59,
    "ZZ": 12.17,


    "VBFHToWWTo2L2Nu": 3.879,
    "VBFHToWWToLNuQQ": 3.892,
    "GluGluHToWWToLNuQQ": 28.88,


    "SignalTau_300GeV": 0.0055127,    
    "SignalTau_400GeV": 0.00170216,    
    "SignalTau_600GeV": 0.000288384,
    "SignalTau_750GeV": 0.000101771,    
    "SignalTau_1TeV": 0.000024368,
    "SignalTau_2TeV": 0.000000517,
    "SignalTau_3TeV": 0.000000047,
    
    "SignalElectron_600GeV": 29.6877596,
    "SignalElectron_1TeV": 5.23668126,
    "SignalElectron_2TeV": 0.2771054739,
    
    "SignalMuon_600GeV": 29.6877596,
    "SignalMuon_1TeV": 5.23668126,
    "SignalMuon_2TeV": 0.2771054739,
    
    "QCD_HT50to100": 246300000,
    "QCD_HT100to200": 27990000,
    "QCD_HT200to300": 1559000,
    "QCD_HT300to500": 351900,
    "QCD_HT500to700": 29070,
    "QCD_HT700to1000": 5962,
    "QCD_HT1000to1500": 1005,
    "QCD_HT1500to2000": 101.8,
    "QCD_HT2000toInf": 20.5

    
}